-- phpMyAdmin SQL Dump
-- version 5.0.2
-- https://www.phpmyadmin.net/
--
-- Hôte : 127.0.0.1:3306
-- Généré le : ven. 26 mars 2021 à 13:57
-- Version du serveur :  5.7.31
-- Version de PHP : 7.3.21

SET SQL_MODE = "NO_AUTO_VALUE_ON_ZERO";
START TRANSACTION;
SET time_zone = "+00:00";


/*!40101 SET @OLD_CHARACTER_SET_CLIENT=@@CHARACTER_SET_CLIENT */;
/*!40101 SET @OLD_CHARACTER_SET_RESULTS=@@CHARACTER_SET_RESULTS */;
/*!40101 SET @OLD_COLLATION_CONNECTION=@@COLLATION_CONNECTION */;
/*!40101 SET NAMES utf8mb4 */;

--
-- Base de données : `projetidaw`
--

-- --------------------------------------------------------

--
-- Structure de la table `aliments`
--

DROP TABLE IF EXISTS `aliments`;
CREATE TABLE IF NOT EXISTS `aliments` (
  `ID_aliments` int(11) NOT NULL AUTO_INCREMENT,
  `Type` varchar(500) NOT NULL,
  `Nom` varchar(500) NOT NULL,
  PRIMARY KEY (`ID_aliments`)
) ENGINE=InnoDB AUTO_INCREMENT=114 DEFAULT CHARSET=utf8;

--
-- Déchargement des données de la table `aliments`
--

INSERT INTO `aliments` (`ID_aliments`, `Type`, `Nom`) VALUES
(1, 'autres produits à base de viande', 'Dinde, escalope viennoise ou milanaise ou escalope panée'),
(2, 'poissons cuits', 'Saumon, cuit, sans précision (aliment moyen)'),
(3, 'poissons cuits', 'Cabillaud, cuit, sans précision (aliment moyen)'),
(4, 'poissons cuits', 'Hareng fumé, filet, doux'),
(5, 'poissons cuits', 'Carrelet ou plie, cuit à la vapeur'),
(6, 'poissons cuits', 'Maquereau, rôti/cuit au four'),
(7, 'poissons cuits', 'Truite d\'élevage, fumée'),
(8, 'poissons cuits', 'Bar commun ou loup, rôti/cuit au four'),
(9, 'poissons crus', 'Thon rouge, cru'),
(10, 'poissons crus', 'Bogue, crue'),
(11, 'poissons crus', 'Rouget-barbet de roche, vapeur'),
(12, 'œufs', 'Oeuf, blanc (blanc d\'oeuf), cuit'),
(13, 'œufs', 'Oeuf, jaune (jaune d\'oeuf), cuit'),
(14, 'œufs', 'Oeuf, dur'),
(15, 'viandes cuites', 'Viande blanche, cuite (aliment moyen)'),
(16, 'viandes cuites', 'Viande rouge, cuite (aliment moyen)'),
(17, 'viandes cuites', 'Viande cuite (aliment moyen)'),
(18, 'viandes cuites', 'Volaille, cuite (aliment moyen)'),
(19, 'viandes cuites', 'Boeuf, entrecôte, partie maigre, grillée/poêlée'),
(20, 'charcuteries et assimilés', 'Jambon cuit, fumé'),
(21, 'charcuteries et assimilés', 'Poitrine de porc, fumée, crue'),
(22, 'charcuteries et assimilés', 'Saucisson de Paris, fumé'),
(23, 'fruits', 'Rhubarbe, tige, crue'),
(24, 'fruits', 'Poire, pulpe, crue'),
(25, 'fruits', 'Raisin, cru'),
(26, 'fruits', 'Pomme Granny Smith, pulpe, crue'),
(27, 'fruits', 'Compote, tout type de fruits'),
(28, 'fruits', 'Mangue José, pulpe, crue, prélevée à La Réunion (Mangifera indica L.)'),
(29, 'pâtes, riz et céréales', 'Riz complet, cuit, non salé'),
(30, 'pâtes, riz et céréales', 'Riz blanc, cuit, non salé'),
(31, 'pâtes, riz et céréales', 'Semoule de blé dur, cuite, non salée'),
(32, 'pains et assimilés', 'Pain (aliment moyen)'),
(33, 'pains et assimilés', 'Pain, baguette, courante'),
(34, 'pains et assimilés', 'Pain de mie, courant'),
(35, 'viandes cuites', 'Viande blanche, cuite (aliment moyen)'),
(36, 'viandes cuites', 'Viande rouge, cuite (aliment moyen)'),
(37, 'viandes cuites', 'Viande cuite (aliment moyen)'),
(38, 'viandes cuites', 'Volaille, cuite (aliment moyen)'),
(39, 'viandes cuites', 'Boeuf, entrecôte, partie maigre, grillée/poêlée'),
(40, 'charcuteries et assimilés', 'Jambon cuit, fumé'),
(41, 'charcuteries et assimilés', 'Poitrine de porc, fumée, crue'),
(42, 'charcuteries et assimilés', 'Saucisson de Paris, fumé'),
(43, 'légumes', 'Carotte, crue'),
(44, 'légumes', 'Chou rouge, cru'),
(45, 'légumes', 'Oignon, cru'),
(46, 'légumes', 'Tomate, crue'),
(47, 'légumes', 'Champignon de Paris ou champignon de couche, cru'),
(48, 'légumes', 'Brocoli, cru'),
(49, 'légumes', 'Chou de Bruxelles, cru'),
(50, 'légumes', 'Chou-rave, cru'),
(51, 'légumes', 'Poivron rouge, cru'),
(52, 'légumes', 'Radis noir, cru'),
(53, 'légumes', 'Asperge, verte, crue'),
(54, 'légumes', 'Chou-fleur, cuit à la vapeur'),
(55, 'légumes', 'Légumes pour couscous, cuits'),
(56, 'légumes', 'Patate douce, pulpe, cuite à la vapeur, prélevée à la Martinique'),
(57, 'pommes de terre et autres tubercules', 'Pomme de terre, sans peau, rôtie/cuite au four'),
(58, 'fruits', 'Rhubarbe, tige, crue'),
(59, 'fruits', 'Poire, pulpe, crue'),
(60, 'fruits', 'Raisin, cru'),
(61, 'fruits', 'Pomme Granny Smith, pulpe, crue'),
(62, 'fruits', 'Compote, tout type de fruits'),
(63, 'fruits', 'Mangue José, pulpe, crue, prélevée à La Réunion (Mangifera indica L.)'),
(64, 'pâtes, riz et céréales', 'Riz complet, cuit, non salé'),
(65, 'pâtes, riz et céréales', 'Riz blanc, cuit, non salé'),
(66, 'pâtes, riz et céréales', 'Semoule de blé dur, cuite, non salée'),
(67, 'pains et assimilés', 'Pain (aliment moyen)'),
(68, 'pains et assimilés', 'Pain, baguette, courante'),
(69, 'pains et assimilés', 'Pain de mie, courant'),
(70, 'viandes cuites', 'Viande blanche, cuite (aliment moyen)'),
(71, 'viandes cuites', 'Viande rouge, cuite (aliment moyen)'),
(72, 'viandes cuites', 'Viande cuite (aliment moyen)'),
(73, 'viandes cuites', 'Volaille, cuite (aliment moyen)'),
(74, 'viandes cuites', 'Boeuf, entrecôte, partie maigre, grillée/poêlée'),
(75, 'charcuteries et assimilés', 'Jambon cuit, fumé'),
(76, 'charcuteries et assimilés', 'Poitrine de porc, fumée, crue'),
(77, 'charcuteries et assimilés', 'Saucisson de Paris, fumé'),
(78, 'légumes', 'Carotte, crue'),
(79, 'légumes', 'Chou rouge, cru'),
(80, 'légumes', 'Oignon, cru'),
(81, 'légumes', 'Tomate, crue'),
(82, 'légumes', 'Champignon de Paris ou champignon de couche, cru'),
(83, 'légumes', 'Brocoli, cru'),
(84, 'légumes', 'Chou de Bruxelles, cru'),
(85, 'légumes', 'Chou-rave, cru'),
(86, 'légumes', 'Poivron rouge, cru'),
(87, 'légumes', 'Radis noir, cru'),
(88, 'légumes', 'Asperge, verte, crue'),
(89, 'légumes', 'Chou-fleur, cuit à la vapeur'),
(90, 'légumes', 'Légumes pour couscous, cuits'),
(91, 'légumes', 'Patate douce, pulpe, cuite à la vapeur, prélevée à la Martinique'),
(92, 'pommes de terre et autres tubercules', 'Pomme de terre, sans peau, rôtie/cuite au four'),
(93, 'fruits', 'Rhubarbe, tige, crue'),
(94, 'fruits', 'Poire, pulpe, crue'),
(95, 'fruits', 'Raisin, cru'),
(96, 'fruits', 'Pomme Granny Smith, pulpe, crue'),
(97, 'fruits', 'Compote, tout type de fruits'),
(98, 'fruits', 'Mangue José, pulpe, crue, prélevée à La Réunion (Mangifera indica L.)'),
(99, 'pâtes, riz et céréales', 'Riz complet, cuit, non salé'),
(100, 'pâtes, riz et céréales', 'Riz blanc, cuit, non salé'),
(101, 'pâtes, riz et céréales', 'Semoule de blé dur, cuite, non salée'),
(102, 'pains et assimilés', 'Pain (aliment moyen)'),
(103, 'pains et assimilés', 'Pain, baguette, courante'),
(104, 'pains et assimilés', 'Pain de mie, courant'),
(105, 'viandes cuites', 'Viande blanche, cuite (aliment moyen)'),
(106, 'viandes cuites', 'Viande rouge, cuite (aliment moyen)'),
(107, 'viandes cuites', 'Viande cuite (aliment moyen)'),
(108, 'viandes cuites', 'Volaille, cuite (aliment moyen)'),
(109, 'viandes cuites', 'Boeuf, entrecôte, partie maigre, grillée/poêlée'),
(110, 'charcuteries et assimilés', 'Jambon cuit, fumé'),
(111, 'charcuteries et assimilés', 'Poitrine de porc, fumée, crue'),
(112, 'charcuteries et assimilés', 'Saucisson de Paris, fumé'),
(113, 'Salade de fruits', 'Salade de fruits');

-- --------------------------------------------------------

--
-- Structure de la table `apport`
--

DROP TABLE IF EXISTS `apport`;
CREATE TABLE IF NOT EXISTS `apport` (
  `ID_apport` int(11) NOT NULL AUTO_INCREMENT,
  `Apport` varchar(50) NOT NULL,
  PRIMARY KEY (`ID_apport`)
) ENGINE=InnoDB AUTO_INCREMENT=14 DEFAULT CHARSET=utf8;

--
-- Déchargement des données de la table `apport`
--

INSERT INTO `apport` (`ID_apport`, `Apport`) VALUES
(1, 'Energie'),
(3, 'Protéines'),
(4, 'Glucides'),
(5, 'Lipides'),
(6, 'Sucres'),
(7, 'Cholestérol'),
(8, 'Calcium'),
(9, 'Fer'),
(10, 'Magnésium'),
(11, 'Phosphore'),
(12, 'Potassium'),
(13, 'Sodium');

-- --------------------------------------------------------

--
-- Structure de la table `a_pour_apport`
--

DROP TABLE IF EXISTS `a_pour_apport`;
CREATE TABLE IF NOT EXISTS `a_pour_apport` (
  `ID_apport` int(11) NOT NULL,
  `ID_aliments` int(11) NOT NULL,
  `Ratio` decimal(10,5) DEFAULT NULL,
  PRIMARY KEY (`ID_apport`,`ID_aliments`),
  KEY `A_pour_apport_ALIMENTS1_FK` (`ID_aliments`)
) ENGINE=InnoDB DEFAULT CHARSET=utf8;

--
-- Déchargement des données de la table `a_pour_apport`
--

INSERT INTO `a_pour_apport` (`ID_apport`, `ID_aliments`, `Ratio`) VALUES
(1, 1, '211.00000'),
(1, 2, '205.00000'),
(1, 3, '98.90000'),
(1, 4, '162.00000'),
(1, 5, '93.00000'),
(1, 6, '228.00000'),
(1, 7, '180.00000'),
(1, 8, '147.00000'),
(1, 9, '155.00000'),
(1, 10, '90.00000'),
(1, 11, '143.00000'),
(1, 12, '47.30000'),
(1, 13, '340.00000'),
(1, 14, '134.00000'),
(1, 15, '173.00000'),
(1, 16, '195.00000'),
(1, 17, '182.00000'),
(1, 18, '166.00000'),
(1, 19, '198.00000'),
(1, 20, '135.00000'),
(1, 21, '303.00000'),
(1, 22, '288.00000'),
(1, 23, '0.00000'),
(1, 24, '0.00000'),
(1, 25, '0.00000'),
(1, 26, '53.90000'),
(1, 27, '102.00000'),
(1, 28, '88.80000'),
(1, 29, '158.00000'),
(1, 30, '145.00000'),
(1, 31, '122.00000'),
(1, 32, '276.00000'),
(1, 33, '287.00000'),
(1, 34, '278.00000'),
(1, 35, '173.00000'),
(1, 36, '195.00000'),
(1, 37, '182.00000'),
(1, 38, '166.00000'),
(1, 39, '198.00000'),
(1, 40, '135.00000'),
(1, 41, '303.00000'),
(1, 42, '288.00000'),
(1, 43, '40.20000'),
(1, 44, '30.00000'),
(1, 45, '0.00000'),
(1, 46, '19.30000'),
(1, 47, '28.00000'),
(1, 48, '0.00000'),
(1, 49, '0.00000'),
(1, 50, '0.00000'),
(1, 51, '36.60000'),
(1, 52, '29.20000'),
(1, 53, '0.00000'),
(1, 54, '30.10000'),
(1, 55, '0.00000'),
(1, 56, '0.00000'),
(1, 57, '91.90000'),
(1, 58, '0.00000'),
(1, 59, '0.00000'),
(1, 60, '0.00000'),
(1, 61, '53.90000'),
(1, 62, '102.00000'),
(1, 63, '88.80000'),
(1, 64, '158.00000'),
(1, 65, '145.00000'),
(1, 66, '122.00000'),
(1, 67, '276.00000'),
(1, 68, '287.00000'),
(1, 69, '278.00000'),
(1, 70, '173.00000'),
(1, 71, '195.00000'),
(1, 72, '182.00000'),
(1, 73, '166.00000'),
(1, 74, '198.00000'),
(1, 75, '135.00000'),
(1, 76, '303.00000'),
(1, 77, '288.00000'),
(1, 78, '40.20000'),
(1, 79, '30.00000'),
(1, 80, '0.00000'),
(1, 81, '19.30000'),
(1, 82, '28.00000'),
(1, 83, '0.00000'),
(1, 84, '0.00000'),
(1, 85, '0.00000'),
(1, 86, '36.60000'),
(1, 87, '29.20000'),
(1, 88, '0.00000'),
(1, 89, '30.10000'),
(1, 90, '0.00000'),
(1, 91, '0.00000'),
(1, 92, '91.90000'),
(1, 93, '0.00000'),
(1, 94, '0.00000'),
(1, 95, '0.00000'),
(1, 96, '53.90000'),
(1, 97, '102.00000'),
(1, 98, '88.80000'),
(1, 99, '158.00000'),
(1, 100, '145.00000'),
(1, 101, '122.00000'),
(1, 102, '276.00000'),
(1, 103, '287.00000'),
(1, 104, '278.00000'),
(1, 105, '173.00000'),
(1, 106, '195.00000'),
(1, 107, '182.00000'),
(1, 108, '166.00000'),
(1, 109, '198.00000'),
(1, 110, '135.00000'),
(1, 111, '303.00000'),
(1, 112, '288.00000'),
(3, 1, '14.10000'),
(3, 2, '23.00000'),
(3, 3, '23.10000'),
(3, 4, '18.10000'),
(3, 5, '19.00000'),
(3, 6, '21.50000'),
(3, 7, '23.40000'),
(3, 8, '22.20000'),
(3, 9, '23.30000'),
(3, 10, '17.90000'),
(3, 11, '24.10000'),
(3, 12, '10.30000'),
(3, 13, '16.00000'),
(3, 14, '13.50000'),
(3, 15, '28.10000'),
(3, 16, '26.00000'),
(3, 17, '27.20000'),
(3, 18, '27.60000'),
(3, 19, '25.50000'),
(3, 20, '20.00000'),
(3, 21, '15.60000'),
(3, 22, '13.70000'),
(3, 23, '0.78000'),
(3, 24, '0.30000'),
(3, 25, '0.72000'),
(3, 26, '0.50000'),
(3, 27, '0.50000'),
(3, 28, '0.75000'),
(3, 29, '3.38000'),
(3, 30, '3.06000'),
(3, 31, '3.75000'),
(3, 32, '9.01000'),
(3, 33, '9.06000'),
(3, 34, '7.81000'),
(3, 35, '28.10000'),
(3, 36, '26.00000'),
(3, 37, '27.20000'),
(3, 38, '27.60000'),
(3, 39, '25.50000'),
(3, 40, '20.00000'),
(3, 41, '15.60000'),
(3, 42, '13.70000'),
(3, 43, '0.63000'),
(3, 44, '1.13000'),
(3, 45, '1.10000'),
(3, 46, '0.86000'),
(3, 47, '2.62000'),
(3, 48, '3.95000'),
(3, 49, '3.98000'),
(3, 50, '1.79000'),
(3, 51, '1.06000'),
(3, 52, '0.94000'),
(3, 53, '2.46000'),
(3, 54, '2.56000'),
(3, 55, '1.53000'),
(3, 56, '1.48000'),
(3, 57, '1.96000'),
(3, 58, '0.78000'),
(3, 59, '0.30000'),
(3, 60, '0.72000'),
(3, 61, '0.50000'),
(3, 62, '0.50000'),
(3, 63, '0.75000'),
(3, 64, '3.38000'),
(3, 65, '3.06000'),
(3, 66, '3.75000'),
(3, 67, '9.01000'),
(3, 68, '9.06000'),
(3, 69, '7.81000'),
(3, 70, '28.10000'),
(3, 71, '26.00000'),
(3, 72, '27.20000'),
(3, 73, '27.60000'),
(3, 74, '25.50000'),
(3, 75, '20.00000'),
(3, 76, '15.60000'),
(3, 77, '13.70000'),
(3, 78, '0.63000'),
(3, 79, '1.13000'),
(3, 80, '1.10000'),
(3, 81, '0.86000'),
(3, 82, '2.62000'),
(3, 83, '3.95000'),
(3, 84, '3.98000'),
(3, 85, '1.79000'),
(3, 86, '1.06000'),
(3, 87, '0.94000'),
(3, 88, '2.46000'),
(3, 89, '2.56000'),
(3, 90, '1.53000'),
(3, 91, '1.48000'),
(3, 92, '1.96000'),
(3, 93, '0.78000'),
(3, 94, '0.30000'),
(3, 95, '0.72000'),
(3, 96, '0.50000'),
(3, 97, '0.50000'),
(3, 98, '0.75000'),
(3, 99, '3.38000'),
(3, 100, '3.06000'),
(3, 101, '3.75000'),
(3, 102, '9.01000'),
(3, 103, '9.06000'),
(3, 104, '7.81000'),
(3, 105, '28.10000'),
(3, 106, '26.00000'),
(3, 107, '27.20000'),
(3, 108, '27.60000'),
(3, 109, '25.50000'),
(3, 110, '20.00000'),
(3, 111, '15.60000'),
(3, 112, '13.70000'),
(4, 1, '13.50000'),
(4, 2, '0.00000'),
(4, 3, '0.00000'),
(4, 4, '0.00000'),
(4, 5, '0.00000'),
(4, 6, '0.00000'),
(4, 7, '0.69000'),
(4, 8, '0.00000'),
(4, 9, '0.00000'),
(4, 10, '0.00000'),
(4, 11, '0.00000'),
(4, 12, '1.12000'),
(4, 13, '1.31000'),
(4, 14, '0.52000'),
(4, 15, '0.26000'),
(4, 16, '0.02700'),
(4, 17, '0.24000'),
(4, 18, '0.28000'),
(4, 19, '0.10000'),
(4, 20, '0.79000'),
(4, 21, '0.79000'),
(4, 22, '0.60000'),
(4, 23, '1.47000'),
(4, 24, '10.40000'),
(4, 25, '15.70000'),
(4, 26, '11.40000'),
(4, 27, '23.90000'),
(4, 28, '19.30000'),
(4, 29, '32.60000'),
(4, 30, '31.80000'),
(4, 31, '24.00000'),
(4, 32, '54.40000'),
(4, 33, '58.30000'),
(4, 34, '52.30000'),
(4, 35, '0.26000'),
(4, 36, '0.02700'),
(4, 37, '0.24000'),
(4, 38, '0.28000'),
(4, 39, '0.10000'),
(4, 40, '0.79000'),
(4, 41, '0.79000'),
(4, 42, '0.60000'),
(4, 43, '7.59000'),
(4, 44, '4.33000'),
(4, 45, '6.25000'),
(4, 46, '2.49000'),
(4, 47, '3.15000'),
(4, 48, '1.70000'),
(4, 49, '5.67000'),
(4, 50, '2.35000'),
(4, 51, '5.98000'),
(4, 52, '5.52000'),
(4, 53, '2.03000'),
(4, 54, '3.41000'),
(4, 55, '2.55000'),
(4, 56, '25.20000'),
(4, 57, '20.10000'),
(4, 58, '1.47000'),
(4, 59, '10.40000'),
(4, 60, '15.70000'),
(4, 61, '11.40000'),
(4, 62, '23.90000'),
(4, 63, '19.30000'),
(4, 64, '32.60000'),
(4, 65, '31.80000'),
(4, 66, '24.00000'),
(4, 67, '54.40000'),
(4, 68, '58.30000'),
(4, 69, '52.30000'),
(4, 70, '0.26000'),
(4, 71, '0.02700'),
(4, 72, '0.24000'),
(4, 73, '0.28000'),
(4, 74, '0.10000'),
(4, 75, '0.79000'),
(4, 76, '0.79000'),
(4, 77, '0.60000'),
(4, 78, '7.59000'),
(4, 79, '4.33000'),
(4, 80, '6.25000'),
(4, 81, '2.49000'),
(4, 82, '3.15000'),
(4, 83, '1.70000'),
(4, 84, '5.67000'),
(4, 85, '2.35000'),
(4, 86, '5.98000'),
(4, 87, '5.52000'),
(4, 88, '2.03000'),
(4, 89, '3.41000'),
(4, 90, '2.55000'),
(4, 91, '25.20000'),
(4, 92, '20.10000'),
(4, 93, '1.47000'),
(4, 94, '10.40000'),
(4, 95, '15.70000'),
(4, 96, '11.40000'),
(4, 97, '23.90000'),
(4, 98, '19.30000'),
(4, 99, '32.60000'),
(4, 100, '31.80000'),
(4, 101, '24.00000'),
(4, 102, '54.40000'),
(4, 103, '58.30000'),
(4, 104, '52.30000'),
(4, 105, '0.26000'),
(4, 106, '0.02700'),
(4, 107, '0.24000'),
(4, 108, '0.28000'),
(4, 109, '0.10000'),
(4, 110, '0.79000'),
(4, 111, '0.79000'),
(4, 112, '0.60000'),
(5, 1, '10.90000'),
(5, 2, '12.50000'),
(5, 3, '0.73000'),
(5, 4, '9.90000'),
(5, 5, '1.89000'),
(5, 6, '15.80000'),
(5, 7, '9.27000'),
(5, 8, '6.51000'),
(5, 9, '6.81000'),
(5, 10, '2.03000'),
(5, 11, '5.20000'),
(5, 12, '0.17000'),
(5, 13, '30.10000'),
(5, 14, '8.62000'),
(5, 15, '6.55000'),
(5, 16, '10.10000'),
(5, 17, '8.04000'),
(5, 18, '5.96000'),
(5, 19, '10.70000'),
(5, 20, '5.80000'),
(5, 21, '26.10000'),
(5, 22, '25.60000'),
(5, 23, '0.23000'),
(5, 24, '0.10000'),
(5, 25, '0.16000'),
(5, 26, '0.50000'),
(5, 27, '0.09200'),
(5, 28, '0.50000'),
(5, 29, '1.00000'),
(5, 30, '0.41000'),
(5, 31, '0.80000'),
(5, 32, '1.61000'),
(5, 33, '1.40000'),
(5, 34, '3.60000'),
(5, 35, '6.55000'),
(5, 36, '10.10000'),
(5, 37, '8.04000'),
(5, 38, '5.96000'),
(5, 39, '10.70000'),
(5, 40, '5.80000'),
(5, 41, '26.10000'),
(5, 42, '25.60000'),
(5, 43, '0.50000'),
(5, 44, '0.50000'),
(5, 45, '0.62000'),
(5, 46, '0.26000'),
(5, 47, '0.36000'),
(5, 48, '0.48000'),
(5, 49, '0.40000'),
(5, 50, '0.10000'),
(5, 51, '0.50000'),
(5, 52, '0.30000'),
(5, 53, '0.27000'),
(5, 54, '0.30000'),
(5, 55, '0.43000'),
(5, 56, '0.06700'),
(5, 57, '0.10000'),
(5, 58, '0.23000'),
(5, 59, '0.10000'),
(5, 60, '0.16000'),
(5, 61, '0.50000'),
(5, 62, '0.09200'),
(5, 63, '0.50000'),
(5, 64, '1.00000'),
(5, 65, '0.41000'),
(5, 66, '0.80000'),
(5, 67, '1.61000'),
(5, 68, '1.40000'),
(5, 69, '3.60000'),
(5, 70, '6.55000'),
(5, 71, '10.10000'),
(5, 72, '8.04000'),
(5, 73, '5.96000'),
(5, 74, '10.70000'),
(5, 75, '5.80000'),
(5, 76, '26.10000'),
(5, 77, '25.60000'),
(5, 78, '0.50000'),
(5, 79, '0.50000'),
(5, 80, '0.62000'),
(5, 81, '0.26000'),
(5, 82, '0.36000'),
(5, 83, '0.48000'),
(5, 84, '0.40000'),
(5, 85, '0.10000'),
(5, 86, '0.50000'),
(5, 87, '0.30000'),
(5, 88, '0.27000'),
(5, 89, '0.30000'),
(5, 90, '0.43000'),
(5, 91, '0.06700'),
(5, 92, '0.10000'),
(5, 93, '0.23000'),
(5, 94, '0.10000'),
(5, 95, '0.16000'),
(5, 96, '0.50000'),
(5, 97, '0.09200'),
(5, 98, '0.50000'),
(5, 99, '1.00000'),
(5, 100, '0.41000'),
(5, 101, '0.80000'),
(5, 102, '1.61000'),
(5, 103, '1.40000'),
(5, 104, '3.60000'),
(5, 105, '6.55000'),
(5, 106, '10.10000'),
(5, 107, '8.04000'),
(5, 108, '5.96000'),
(5, 109, '10.70000'),
(5, 110, '5.80000'),
(5, 111, '26.10000'),
(5, 112, '25.60000'),
(6, 1, '1.07000'),
(6, 2, '0.00000'),
(6, 3, '0.00000'),
(6, 4, '0.00000'),
(6, 5, '0.00000'),
(6, 6, '0.00000'),
(6, 7, '0.00000'),
(6, 8, '0.00000'),
(6, 9, '0.00000'),
(6, 10, '0.00000'),
(6, 11, '0.00000'),
(6, 12, '0.70000'),
(6, 13, '0.55000'),
(6, 14, '0.52000'),
(6, 15, '0.00190'),
(6, 16, '0.00000'),
(6, 17, '0.01100'),
(6, 18, '0.00220'),
(6, 19, '0.00000'),
(6, 20, '0.62000'),
(6, 21, '0.75000'),
(6, 22, '0.00000'),
(6, 23, '1.47000'),
(6, 24, '10.40000'),
(6, 25, '15.50000'),
(6, 26, '10.60000'),
(6, 27, '23.10000'),
(6, 28, '18.40000'),
(6, 29, '0.20000'),
(6, 30, '0.20000'),
(6, 31, '3.00000'),
(6, 32, '2.74000'),
(6, 33, '2.30000'),
(6, 34, '7.80000'),
(6, 35, '0.00190'),
(6, 36, '0.00000'),
(6, 37, '0.01100'),
(6, 38, '0.00220'),
(6, 39, '0.00000'),
(6, 40, '0.62000'),
(6, 41, '0.75000'),
(6, 42, '0.00000'),
(6, 43, '6.00000'),
(6, 44, '3.90000'),
(6, 45, '4.80000'),
(6, 46, '2.48000'),
(6, 47, '2.50000'),
(6, 48, '1.70000'),
(6, 49, '2.20000'),
(6, 50, '2.35000'),
(6, 51, '4.80000'),
(6, 52, '4.30000'),
(6, 53, '1.50000'),
(6, 54, '2.40000'),
(6, 55, '1.10000'),
(6, 56, '0.19000'),
(6, 57, '1.70000'),
(6, 58, '1.47000'),
(6, 59, '10.40000'),
(6, 60, '15.50000'),
(6, 61, '10.60000'),
(6, 62, '23.10000'),
(6, 63, '18.40000'),
(6, 64, '0.20000'),
(6, 65, '0.20000'),
(6, 66, '3.00000'),
(6, 67, '2.74000'),
(6, 68, '2.30000'),
(6, 69, '7.80000'),
(6, 70, '0.00190'),
(6, 71, '0.00000'),
(6, 72, '0.01100'),
(6, 73, '0.00220'),
(6, 74, '0.00000'),
(6, 75, '0.62000'),
(6, 76, '0.75000'),
(6, 77, '0.00000'),
(6, 78, '6.00000'),
(6, 79, '3.90000'),
(6, 80, '4.80000'),
(6, 81, '2.48000'),
(6, 82, '2.50000'),
(6, 83, '1.70000'),
(6, 84, '2.20000'),
(6, 85, '2.35000'),
(6, 86, '4.80000'),
(6, 87, '4.30000'),
(6, 88, '1.50000'),
(6, 89, '2.40000'),
(6, 90, '1.10000'),
(6, 91, '0.19000'),
(6, 92, '1.70000'),
(6, 93, '1.47000'),
(6, 94, '10.40000'),
(6, 95, '15.50000'),
(6, 96, '10.60000'),
(6, 97, '23.10000'),
(6, 98, '18.40000'),
(6, 99, '0.20000'),
(6, 100, '0.20000'),
(6, 101, '3.00000'),
(6, 102, '2.74000'),
(6, 103, '2.30000'),
(6, 104, '7.80000'),
(6, 105, '0.00190'),
(6, 106, '0.00000'),
(6, 107, '0.01100'),
(6, 108, '0.00220'),
(6, 109, '0.00000'),
(6, 110, '0.62000'),
(6, 111, '0.75000'),
(6, 112, '0.00000'),
(7, 1, '0.00000'),
(7, 2, '57.30000'),
(7, 3, '52.10000'),
(7, 4, '54.90000'),
(7, 5, '0.00000'),
(7, 6, '81.80000'),
(7, 7, '47.90000'),
(7, 8, '63.30000'),
(7, 9, '38.00000'),
(7, 10, '38.00000'),
(7, 11, '63.90000'),
(7, 12, '0.00000'),
(7, 13, '612.00000'),
(7, 14, '355.00000'),
(7, 15, '91.80000'),
(7, 16, '76.70000'),
(7, 17, '85.80000'),
(7, 18, '99.30000'),
(7, 19, '45.00000'),
(7, 20, '34.10000'),
(7, 21, '0.00000'),
(7, 22, '0.00000'),
(7, 23, '0.00000'),
(7, 24, '0.02000'),
(7, 25, '0.00000'),
(7, 26, '0.00000'),
(7, 27, '0.00000'),
(7, 28, '0.00000'),
(7, 29, '1.16000'),
(7, 30, '0.75000'),
(7, 31, '0.00000'),
(7, 32, '0.00000'),
(7, 33, '0.07500'),
(7, 34, '3.20000'),
(7, 35, '91.80000'),
(7, 36, '76.70000'),
(7, 37, '85.80000'),
(7, 38, '99.30000'),
(7, 39, '45.00000'),
(7, 40, '34.10000'),
(7, 41, '0.00000'),
(7, 42, '0.00000'),
(7, 43, '0.00000'),
(7, 44, '0.00000'),
(7, 45, '0.00000'),
(7, 46, '0.00000'),
(7, 47, '0.00000'),
(7, 48, '0.00000'),
(7, 49, '0.00000'),
(7, 50, '0.00000'),
(7, 51, '0.00000'),
(7, 52, '0.00000'),
(7, 53, '0.00000'),
(7, 54, '0.00000'),
(7, 55, '0.00000'),
(7, 56, '0.00000'),
(7, 57, '0.00000'),
(7, 58, '0.00000'),
(7, 59, '0.02000'),
(7, 60, '0.00000'),
(7, 61, '0.00000'),
(7, 62, '0.00000'),
(7, 63, '0.00000'),
(7, 64, '1.16000'),
(7, 65, '0.75000'),
(7, 66, '0.00000'),
(7, 67, '0.00000'),
(7, 68, '0.07500'),
(7, 69, '3.20000'),
(7, 70, '91.80000'),
(7, 71, '76.70000'),
(7, 72, '85.80000'),
(7, 73, '99.30000'),
(7, 74, '45.00000'),
(7, 75, '34.10000'),
(7, 76, '0.00000'),
(7, 77, '0.00000'),
(7, 78, '0.00000'),
(7, 79, '0.00000'),
(7, 80, '0.00000'),
(7, 81, '0.00000'),
(7, 82, '0.00000'),
(7, 83, '0.00000'),
(7, 84, '0.00000'),
(7, 85, '0.00000'),
(7, 86, '0.00000'),
(7, 87, '0.00000'),
(7, 88, '0.00000'),
(7, 89, '0.00000'),
(7, 90, '0.00000'),
(7, 91, '0.00000'),
(7, 92, '0.00000'),
(7, 93, '0.00000'),
(7, 94, '0.02000'),
(7, 95, '0.00000'),
(7, 96, '0.00000'),
(7, 97, '0.00000'),
(7, 98, '0.00000'),
(7, 99, '1.16000'),
(7, 100, '0.75000'),
(7, 101, '0.00000'),
(7, 102, '0.00000'),
(7, 103, '0.07500'),
(7, 104, '3.20000'),
(7, 105, '91.80000'),
(7, 106, '76.70000'),
(7, 107, '85.80000'),
(7, 108, '99.30000'),
(7, 109, '45.00000'),
(7, 110, '34.10000'),
(7, 111, '0.00000'),
(7, 112, '0.00000'),
(8, 1, '0.00000'),
(8, 2, '11.50000'),
(8, 3, '15.20000'),
(8, 4, '62.00000'),
(8, 5, '0.00000'),
(8, 6, '12.80000'),
(8, 7, '2.70000'),
(8, 8, '11.00000'),
(8, 9, '8.00000'),
(8, 10, '52.50000'),
(8, 11, '21.00000'),
(8, 12, '6.67000'),
(8, 13, '76.40000'),
(8, 14, '41.00000'),
(8, 15, '9.43000'),
(8, 16, '11.80000'),
(8, 17, '10.40000'),
(8, 18, '8.45000'),
(8, 19, '12.00000'),
(8, 20, '4.30000'),
(8, 21, '0.00000'),
(8, 22, '0.00000'),
(8, 23, '129.00000'),
(8, 24, '11.00000'),
(8, 25, '10.00000'),
(8, 26, '3.20000'),
(8, 27, '18.00000'),
(8, 28, '14.00000'),
(8, 29, '13.00000'),
(8, 30, '14.00000'),
(8, 31, '13.00000'),
(8, 32, '31.10000'),
(8, 33, '22.00000'),
(8, 34, '88.00000'),
(8, 35, '9.43000'),
(8, 36, '11.80000'),
(8, 37, '10.40000'),
(8, 38, '8.45000'),
(8, 39, '12.00000'),
(8, 40, '4.30000'),
(8, 41, '0.00000'),
(8, 42, '0.00000'),
(8, 43, '25.00000'),
(8, 44, '36.00000'),
(8, 45, '25.00000'),
(8, 46, '8.14000'),
(8, 47, '6.03000'),
(8, 48, '45.90000'),
(8, 49, '32.30000'),
(8, 50, '24.00000'),
(8, 51, '4.80000'),
(8, 52, '39.00000'),
(8, 53, '22.40000'),
(8, 54, '26.00000'),
(8, 55, '39.00000'),
(8, 56, '0.00000'),
(8, 57, '9.48000'),
(8, 58, '129.00000'),
(8, 59, '11.00000'),
(8, 60, '10.00000'),
(8, 61, '3.20000'),
(8, 62, '18.00000'),
(8, 63, '14.00000'),
(8, 64, '13.00000'),
(8, 65, '14.00000'),
(8, 66, '13.00000'),
(8, 67, '31.10000'),
(8, 68, '22.00000'),
(8, 69, '88.00000'),
(8, 70, '9.43000'),
(8, 71, '11.80000'),
(8, 72, '10.40000'),
(8, 73, '8.45000'),
(8, 74, '12.00000'),
(8, 75, '4.30000'),
(8, 76, '0.00000'),
(8, 77, '0.00000'),
(8, 78, '25.00000'),
(8, 79, '36.00000'),
(8, 80, '25.00000'),
(8, 81, '8.14000'),
(8, 82, '6.03000'),
(8, 83, '45.90000'),
(8, 84, '32.30000'),
(8, 85, '24.00000'),
(8, 86, '4.80000'),
(8, 87, '39.00000'),
(8, 88, '22.40000'),
(8, 89, '26.00000'),
(8, 90, '39.00000'),
(8, 91, '0.00000'),
(8, 92, '9.48000'),
(8, 93, '129.00000'),
(8, 94, '11.00000'),
(8, 95, '10.00000'),
(8, 96, '3.20000'),
(8, 97, '18.00000'),
(8, 98, '14.00000'),
(8, 99, '13.00000'),
(8, 100, '14.00000'),
(8, 101, '13.00000'),
(8, 102, '31.10000'),
(8, 103, '22.00000'),
(8, 104, '88.00000'),
(8, 105, '9.43000'),
(8, 106, '11.80000'),
(8, 107, '10.40000'),
(8, 108, '8.45000'),
(8, 109, '12.00000'),
(8, 110, '4.30000'),
(8, 111, '0.00000'),
(8, 112, '0.00000'),
(9, 1, '0.00000'),
(9, 2, '0.35000'),
(9, 3, '0.22000'),
(9, 4, '0.70000'),
(9, 5, '0.00000'),
(9, 6, '1.57000'),
(9, 7, '0.40000'),
(9, 8, '0.28000'),
(9, 9, '1.02000'),
(9, 10, '2.30000'),
(9, 11, '0.48000'),
(9, 12, '0.06700'),
(9, 13, '0.95000'),
(9, 14, '1.72000'),
(9, 15, '0.84000'),
(9, 16, '2.84000'),
(9, 17, '1.69000'),
(9, 18, '1.05000'),
(9, 19, '2.55000'),
(9, 20, '1.77000'),
(9, 21, '0.00000'),
(9, 22, '0.00000'),
(9, 23, '0.28000'),
(9, 24, '0.20000'),
(9, 25, '0.36000'),
(9, 26, '0.08000'),
(9, 27, '0.13000'),
(9, 28, '0.12000'),
(9, 29, '0.32000'),
(9, 30, '0.04000'),
(9, 31, '1.00000'),
(9, 32, '1.25000'),
(9, 33, '1.20000'),
(9, 34, '0.70000'),
(9, 35, '0.84000'),
(9, 36, '2.84000'),
(9, 37, '1.69000'),
(9, 38, '1.05000'),
(9, 39, '2.55000'),
(9, 40, '1.77000'),
(9, 41, '0.00000'),
(9, 42, '0.00000'),
(9, 43, '0.24000'),
(9, 44, '0.25000'),
(9, 45, '0.00019'),
(9, 46, '0.12000'),
(9, 47, '0.31000'),
(9, 48, '0.76000'),
(9, 49, '1.15000'),
(9, 50, '0.40000'),
(9, 51, '0.21000'),
(9, 52, '0.23000'),
(9, 53, '1.00000'),
(9, 54, '0.38000'),
(9, 55, '0.70000'),
(9, 56, '0.00000'),
(9, 57, '0.35000'),
(9, 58, '0.28000'),
(9, 59, '0.20000'),
(9, 60, '0.36000'),
(9, 61, '0.08000'),
(9, 62, '0.13000'),
(9, 63, '0.12000'),
(9, 64, '0.32000'),
(9, 65, '0.04000'),
(9, 66, '1.00000'),
(9, 67, '1.25000'),
(9, 68, '1.20000'),
(9, 69, '0.70000'),
(9, 70, '0.84000'),
(9, 71, '2.84000'),
(9, 72, '1.69000'),
(9, 73, '1.05000'),
(9, 74, '2.55000'),
(9, 75, '1.77000'),
(9, 76, '0.00000'),
(9, 77, '0.00000'),
(9, 78, '0.24000'),
(9, 79, '0.25000'),
(9, 80, '0.00019'),
(9, 81, '0.12000'),
(9, 82, '0.31000'),
(9, 83, '0.76000'),
(9, 84, '1.15000'),
(9, 85, '0.40000'),
(9, 86, '0.21000'),
(9, 87, '0.23000'),
(9, 88, '1.00000'),
(9, 89, '0.38000'),
(9, 90, '0.70000'),
(9, 91, '0.00000'),
(9, 92, '0.35000'),
(9, 93, '0.28000'),
(9, 94, '0.20000'),
(9, 95, '0.36000'),
(9, 96, '0.08000'),
(9, 97, '0.13000'),
(9, 98, '0.12000'),
(9, 99, '0.32000'),
(9, 100, '0.04000'),
(9, 101, '1.00000'),
(9, 102, '1.25000'),
(9, 103, '1.20000'),
(9, 104, '0.70000'),
(9, 105, '0.84000'),
(9, 106, '2.84000'),
(9, 107, '1.69000'),
(9, 108, '1.05000'),
(9, 109, '2.55000'),
(9, 110, '1.77000'),
(9, 111, '0.00000'),
(9, 112, '0.00000'),
(10, 1, '0.00000'),
(10, 2, '28.60000'),
(10, 3, '26.20000'),
(10, 4, '39.00000'),
(10, 5, '0.00000'),
(10, 6, '28.50000'),
(10, 7, '31.40000'),
(10, 8, '30.30000'),
(10, 9, '50.00000'),
(10, 10, '22.50000'),
(10, 11, '33.00000'),
(10, 12, '9.67000'),
(10, 13, '4.50000'),
(10, 14, '14.00000'),
(10, 15, '31.30000'),
(10, 16, '28.30000'),
(10, 17, '30.10000'),
(10, 18, '33.00000'),
(10, 19, '23.00000'),
(10, 20, '23.50000'),
(10, 21, '0.00000'),
(10, 22, '0.00000'),
(10, 23, '13.50000'),
(10, 24, '7.00000'),
(10, 25, '7.00000'),
(10, 26, '2.90000'),
(10, 27, '5.80000'),
(10, 28, '14.00000'),
(10, 29, '49.00000'),
(10, 30, '7.10000'),
(10, 31, '16.00000'),
(10, 32, '27.70000'),
(10, 33, '23.00000'),
(10, 34, '17.00000'),
(10, 35, '31.30000'),
(10, 36, '28.30000'),
(10, 37, '30.10000'),
(10, 38, '33.00000'),
(10, 39, '23.00000'),
(10, 40, '23.50000'),
(10, 41, '0.00000'),
(10, 42, '0.00000'),
(10, 43, '10.00000'),
(10, 44, '9.70000'),
(10, 45, '9.00000'),
(10, 46, '10.10000'),
(10, 47, '10.50000'),
(10, 48, '21.90000'),
(10, 49, '23.50000'),
(10, 50, '19.00000'),
(10, 51, '8.20000'),
(10, 52, '10.00000'),
(10, 53, '12.20000'),
(10, 54, '12.00000'),
(10, 55, '15.00000'),
(10, 56, '0.00000'),
(10, 57, '21.70000'),
(10, 58, '13.50000'),
(10, 59, '7.00000'),
(10, 60, '7.00000'),
(10, 61, '2.90000'),
(10, 62, '5.80000'),
(10, 63, '14.00000'),
(10, 64, '49.00000'),
(10, 65, '7.10000'),
(10, 66, '16.00000'),
(10, 67, '27.70000'),
(10, 68, '23.00000'),
(10, 69, '17.00000'),
(10, 70, '31.30000'),
(10, 71, '28.30000'),
(10, 72, '30.10000'),
(10, 73, '33.00000'),
(10, 74, '23.00000'),
(10, 75, '23.50000'),
(10, 76, '0.00000'),
(10, 77, '0.00000'),
(10, 78, '10.00000'),
(10, 79, '9.70000'),
(10, 80, '9.00000'),
(10, 81, '10.10000'),
(10, 82, '10.50000'),
(10, 83, '21.90000'),
(10, 84, '23.50000'),
(10, 85, '19.00000'),
(10, 86, '8.20000'),
(10, 87, '10.00000'),
(10, 88, '12.20000'),
(10, 89, '12.00000'),
(10, 90, '15.00000'),
(10, 91, '0.00000'),
(10, 92, '21.70000'),
(10, 93, '13.50000'),
(10, 94, '7.00000'),
(10, 95, '7.00000'),
(10, 96, '2.90000'),
(10, 97, '5.80000'),
(10, 98, '14.00000'),
(10, 99, '49.00000'),
(10, 100, '7.10000'),
(10, 101, '16.00000'),
(10, 102, '27.70000'),
(10, 103, '23.00000'),
(10, 104, '17.00000'),
(10, 105, '31.30000'),
(10, 106, '28.30000'),
(10, 107, '30.10000'),
(10, 108, '33.00000'),
(10, 109, '23.00000'),
(10, 110, '23.50000'),
(10, 111, '0.00000'),
(10, 112, '0.00000'),
(11, 1, '0.00000'),
(11, 2, '243.00000'),
(11, 3, '193.00000'),
(11, 4, '250.00000'),
(11, 5, '0.00000'),
(11, 6, '207.00000'),
(11, 7, '227.00000'),
(11, 8, '183.00000'),
(11, 9, '254.00000'),
(11, 10, '230.00000'),
(11, 11, '230.00000'),
(11, 12, '14.70000'),
(11, 13, '121.00000'),
(11, 14, '172.00000'),
(11, 15, '233.00000'),
(11, 16, '201.00000'),
(11, 17, '222.00000'),
(11, 18, '239.00000'),
(11, 19, '200.00000'),
(11, 20, '188.00000'),
(11, 21, '0.00000'),
(11, 22, '90.00000'),
(11, 23, '18.60000'),
(11, 24, '13.00000'),
(11, 25, '20.00000'),
(11, 26, '7.60000'),
(11, 27, '13.00000'),
(11, 28, '13.00000'),
(11, 29, '120.00000'),
(11, 30, '35.00000'),
(11, 31, '62.00000'),
(11, 32, '108.00000'),
(11, 33, '110.00000'),
(11, 34, '75.00000'),
(11, 35, '233.00000'),
(11, 36, '201.00000'),
(11, 37, '222.00000'),
(11, 38, '239.00000'),
(11, 39, '200.00000'),
(11, 40, '188.00000'),
(11, 41, '0.00000'),
(11, 42, '90.00000'),
(11, 43, '22.00000'),
(11, 44, '30.00000'),
(11, 45, '37.00000'),
(11, 46, '26.60000'),
(11, 47, '96.60000'),
(11, 48, '76.50000'),
(11, 49, '76.40000'),
(11, 50, '46.00000'),
(11, 51, '19.00000'),
(11, 52, '32.00000'),
(11, 53, '85.50000'),
(11, 54, '46.00000'),
(11, 55, '38.00000'),
(11, 56, '0.00000'),
(11, 57, '50.00000'),
(11, 58, '18.60000'),
(11, 59, '13.00000'),
(11, 60, '20.00000'),
(11, 61, '7.60000'),
(11, 62, '13.00000'),
(11, 63, '13.00000'),
(11, 64, '120.00000'),
(11, 65, '35.00000'),
(11, 66, '62.00000'),
(11, 67, '108.00000'),
(11, 68, '110.00000'),
(11, 69, '75.00000'),
(11, 70, '233.00000'),
(11, 71, '201.00000'),
(11, 72, '222.00000'),
(11, 73, '239.00000'),
(11, 74, '200.00000'),
(11, 75, '188.00000'),
(11, 76, '0.00000'),
(11, 77, '90.00000'),
(11, 78, '22.00000'),
(11, 79, '30.00000'),
(11, 80, '37.00000'),
(11, 81, '26.60000'),
(11, 82, '96.60000'),
(11, 83, '76.50000'),
(11, 84, '76.40000'),
(11, 85, '46.00000'),
(11, 86, '19.00000'),
(11, 87, '32.00000'),
(11, 88, '85.50000'),
(11, 89, '46.00000'),
(11, 90, '38.00000'),
(11, 91, '0.00000'),
(11, 92, '50.00000'),
(11, 93, '18.60000'),
(11, 94, '13.00000'),
(11, 95, '20.00000'),
(11, 96, '7.60000'),
(11, 97, '13.00000'),
(11, 98, '13.00000'),
(11, 99, '120.00000'),
(11, 100, '35.00000'),
(11, 101, '62.00000'),
(11, 102, '108.00000'),
(11, 103, '110.00000'),
(11, 104, '75.00000'),
(11, 105, '233.00000'),
(11, 106, '201.00000'),
(11, 107, '222.00000'),
(11, 108, '239.00000'),
(11, 109, '200.00000'),
(11, 110, '188.00000'),
(11, 111, '0.00000'),
(11, 112, '90.00000'),
(12, 1, '0.00000'),
(12, 2, '383.00000'),
(12, 3, '321.00000'),
(12, 4, '380.00000'),
(12, 5, '0.00000'),
(12, 6, '401.00000'),
(12, 7, '412.00000'),
(12, 8, '410.00000'),
(12, 9, '252.00000'),
(12, 10, '309.00000'),
(12, 11, '410.00000'),
(12, 12, '147.00000'),
(12, 13, '58.60000'),
(12, 14, '120.00000'),
(12, 15, '376.00000'),
(12, 16, '338.00000'),
(12, 17, '361.00000'),
(12, 18, '377.00000'),
(12, 19, '279.00000'),
(12, 20, '261.00000'),
(12, 21, '0.00000'),
(12, 22, '0.00000'),
(12, 23, '239.00000'),
(12, 24, '150.00000'),
(12, 25, '191.00000'),
(12, 26, '110.00000'),
(12, 27, '150.00000'),
(12, 28, '150.00000'),
(12, 29, '43.00000'),
(12, 30, '16.00000'),
(12, 31, '96.00000'),
(12, 32, '165.00000'),
(12, 33, '180.00000'),
(12, 34, '120.00000'),
(12, 35, '376.00000'),
(12, 36, '338.00000'),
(12, 37, '361.00000'),
(12, 38, '377.00000'),
(12, 39, '279.00000'),
(12, 40, '261.00000'),
(12, 41, '0.00000'),
(12, 42, '0.00000'),
(12, 43, '230.00000'),
(12, 44, '260.00000'),
(12, 45, '190.00000'),
(12, 46, '256.00000'),
(12, 47, '364.00000'),
(12, 48, '357.00000'),
(12, 49, '436.00000'),
(12, 50, '350.00000'),
(12, 51, '180.00000'),
(12, 52, '300.00000'),
(12, 53, '267.00000'),
(12, 54, '300.00000'),
(12, 55, '208.00000'),
(12, 56, '425.00000'),
(12, 57, '391.00000'),
(12, 58, '239.00000'),
(12, 59, '150.00000'),
(12, 60, '191.00000'),
(12, 61, '110.00000'),
(12, 62, '150.00000'),
(12, 63, '150.00000'),
(12, 64, '43.00000'),
(12, 65, '16.00000'),
(12, 66, '96.00000'),
(12, 67, '165.00000'),
(12, 68, '180.00000'),
(12, 69, '120.00000'),
(12, 70, '376.00000'),
(12, 71, '338.00000'),
(12, 72, '361.00000'),
(12, 73, '377.00000'),
(12, 74, '279.00000'),
(12, 75, '261.00000'),
(12, 76, '0.00000'),
(12, 77, '0.00000'),
(12, 78, '230.00000'),
(12, 79, '260.00000'),
(12, 80, '190.00000'),
(12, 81, '256.00000'),
(12, 82, '364.00000'),
(12, 83, '357.00000'),
(12, 84, '436.00000'),
(12, 85, '350.00000'),
(12, 86, '180.00000'),
(12, 87, '300.00000'),
(12, 88, '267.00000'),
(12, 89, '300.00000'),
(12, 90, '208.00000'),
(12, 91, '425.00000'),
(12, 92, '391.00000'),
(12, 93, '239.00000'),
(12, 94, '150.00000'),
(12, 95, '191.00000'),
(12, 96, '110.00000'),
(12, 97, '150.00000'),
(12, 98, '150.00000'),
(12, 99, '43.00000'),
(12, 100, '16.00000'),
(12, 101, '96.00000'),
(12, 102, '165.00000'),
(12, 103, '180.00000'),
(12, 104, '120.00000'),
(12, 105, '376.00000'),
(12, 106, '338.00000'),
(12, 107, '361.00000'),
(12, 108, '377.00000'),
(12, 109, '279.00000'),
(12, 110, '261.00000'),
(12, 111, '0.00000'),
(12, 112, '0.00000'),
(13, 1, '356.00000'),
(13, 2, '53.30000'),
(13, 3, '80.80000'),
(13, 4, '1510.00000'),
(13, 5, '0.00000'),
(13, 6, '83.00000'),
(13, 7, '1270.00000'),
(13, 8, '68.80000'),
(13, 9, '39.00000'),
(13, 10, '110.00000'),
(13, 11, '95.60000'),
(13, 12, '155.00000'),
(13, 13, '14.00000'),
(13, 14, '123.00000'),
(13, 15, '69.70000'),
(13, 16, '96.40000'),
(13, 17, '81.60000'),
(13, 18, '97.90000'),
(13, 19, '58.00000'),
(13, 20, '797.00000'),
(13, 21, '956.00000'),
(13, 22, '0.00000'),
(13, 23, '3.00000'),
(13, 24, '3.00000'),
(13, 25, '2.00000'),
(13, 26, '5.00000'),
(13, 27, '5.00000'),
(13, 28, '5.00000'),
(13, 29, '5.00000'),
(13, 30, '5.00000'),
(13, 31, '5.00000'),
(13, 32, '512.00000'),
(13, 33, '518.00000'),
(13, 34, '459.00000'),
(13, 35, '69.70000'),
(13, 36, '96.40000'),
(13, 37, '81.60000'),
(13, 38, '97.90000'),
(13, 39, '58.00000'),
(13, 40, '797.00000'),
(13, 41, '956.00000'),
(13, 42, '0.00000'),
(13, 43, '43.00000'),
(13, 44, '14.00000'),
(13, 45, '39.00000'),
(13, 46, '3.22000'),
(13, 47, '39.00000'),
(13, 48, '19.00000'),
(13, 49, '16.50000'),
(13, 50, '20.00000'),
(13, 51, '5.00000'),
(13, 52, '23.00000'),
(13, 53, '3.85000'),
(13, 54, '5.00000'),
(13, 55, '45.00000'),
(13, 56, '0.00000'),
(13, 57, '1.43000'),
(13, 58, '3.00000'),
(13, 59, '3.00000'),
(13, 60, '2.00000'),
(13, 61, '5.00000'),
(13, 62, '5.00000'),
(13, 63, '5.00000'),
(13, 64, '5.00000'),
(13, 65, '5.00000'),
(13, 66, '5.00000'),
(13, 67, '512.00000'),
(13, 68, '518.00000'),
(13, 69, '459.00000'),
(13, 70, '69.70000'),
(13, 71, '96.40000'),
(13, 72, '81.60000'),
(13, 73, '97.90000'),
(13, 74, '58.00000'),
(13, 75, '797.00000'),
(13, 76, '956.00000'),
(13, 77, '0.00000'),
(13, 78, '43.00000'),
(13, 79, '14.00000'),
(13, 80, '39.00000'),
(13, 81, '3.22000'),
(13, 82, '39.00000'),
(13, 83, '19.00000'),
(13, 84, '16.50000'),
(13, 85, '20.00000'),
(13, 86, '5.00000'),
(13, 87, '23.00000'),
(13, 88, '3.85000'),
(13, 89, '5.00000'),
(13, 90, '45.00000'),
(13, 91, '0.00000'),
(13, 92, '1.43000'),
(13, 93, '3.00000'),
(13, 94, '3.00000'),
(13, 95, '2.00000'),
(13, 96, '5.00000'),
(13, 97, '5.00000'),
(13, 98, '5.00000'),
(13, 99, '5.00000'),
(13, 100, '5.00000'),
(13, 101, '5.00000'),
(13, 102, '512.00000'),
(13, 103, '518.00000'),
(13, 104, '459.00000'),
(13, 105, '69.70000'),
(13, 106, '96.40000'),
(13, 107, '81.60000'),
(13, 108, '97.90000'),
(13, 109, '58.00000'),
(13, 110, '797.00000'),
(13, 111, '956.00000'),
(13, 112, '0.00000');

-- --------------------------------------------------------

--
-- Structure de la table `comporte`
--

DROP TABLE IF EXISTS `comporte`;
CREATE TABLE IF NOT EXISTS `comporte` (
  `ID_aliments` int(11) NOT NULL,
  `ID_repas` int(11) NOT NULL,
  `Quantite` int(11) NOT NULL,
  PRIMARY KEY (`ID_aliments`,`ID_repas`),
  KEY `Comporte_REPAS1_FK` (`ID_repas`)
) ENGINE=InnoDB DEFAULT CHARSET=utf8;

--
-- Déchargement des données de la table `comporte`
--

INSERT INTO `comporte` (`ID_aliments`, `ID_repas`, `Quantite`) VALUES
(25, 7, 200),
(36, 15, 250),
(99, 17, 100);

-- --------------------------------------------------------

--
-- Structure de la table `est_compose_de`
--

DROP TABLE IF EXISTS `est_compose_de`;
CREATE TABLE IF NOT EXISTS `est_compose_de` (
  `ID_plat` int(11) NOT NULL,
  `ID_aliment` int(11) NOT NULL,
  `Ratio` decimal(10,5) NOT NULL,
  PRIMARY KEY (`ID_plat`,`ID_aliment`),
  KEY `est_compose_de_ibfk_2` (`ID_aliment`)
) ENGINE=InnoDB DEFAULT CHARSET=utf8;

--
-- Déchargement des données de la table `est_compose_de`
--

INSERT INTO `est_compose_de` (`ID_plat`, `ID_aliment`, `Ratio`) VALUES
(113, 23, '0.25000'),
(113, 24, '0.25000'),
(113, 25, '0.25000'),
(113, 26, '0.25000');

-- --------------------------------------------------------

--
-- Structure de la table `repas`
--

DROP TABLE IF EXISTS `repas`;
CREATE TABLE IF NOT EXISTS `repas` (
  `ID_repas` int(11) NOT NULL AUTO_INCREMENT,
  `Date` datetime NOT NULL,
  `Type` varchar(50) NOT NULL,
  `Login` varchar(50) NOT NULL,
  PRIMARY KEY (`ID_repas`),
  KEY `REPAS_UTILISATEURS0_FK` (`Login`)
) ENGINE=InnoDB AUTO_INCREMENT=21 DEFAULT CHARSET=utf8;

--
-- Déchargement des données de la table `repas`
--

INSERT INTO `repas` (`ID_repas`, `Date`, `Type`, `Login`) VALUES
(2, '2021-03-01 11:25:41', 'Déjeuner', 'anna.pasquier@etu.imt-lille-douai.fr'),
(3, '2021-03-01 19:25:41', 'Diner', 'anna.pasquier@etu.imt-lille-douai.fr'),
(4, '2021-03-02 08:26:58', 'Petit Déjeuner', 'anna.pasquier@etu.imt-lille-douai.fr'),
(5, '2021-03-02 12:26:58', 'Dejeuner', 'anna.pasquier@etu.imt-lille-douai.fr'),
(6, '2021-03-05 15:31:10', 'Goûter', 'fatima.maslouhi@etu.imt-lille-douai.fr'),
(7, '2021-03-16 11:31:10', 'Dejeuner', 'pauline.pichon@etu.imt-lille-douai.fr'),
(8, '2021-03-13 19:31:47', 'diner', 'nassim.bouaziz@etu.imt-lille-douai.fr'),
(9, '2021-03-16 15:31:47', 'Gouter', 'maya.didon@etu.imt-lille-douai.fr'),
(10, '2021-03-07 15:32:25', 'Goûter', 'antoine.goron@etu.imt-lille-douai.fr'),
(11, '2021-03-15 15:32:25', 'Gouter', 'antoine.goron@etu.imt-lille-douai.fr'),
(12, '2021-03-16 15:32:50', 'Goûter', 'antoine.goron@etu.imt-lille-douai.fr'),
(13, '2021-03-24 17:32:50', 'Gouter', 'antoine.goron@etu.imt-lille-douai.fr'),
(14, '2021-03-07 11:33:31', 'Déjeuner', 'antoine.goron@etu.imt-lille-douai.fr'),
(15, '2021-03-07 19:33:31', 'Diner', 'antoine.goron@etu.imt-lille-douai.fr'),
(16, '2021-03-08 12:34:17', 'Déjeuner', 'antoine.goron@etu.imt-lille-douai.fr'),
(17, '2021-03-08 19:34:17', 'Diner', 'antoine.goron@etu.imt-lille-douai.fr'),
(18, '2021-03-09 11:35:38', 'Déjeuner', 'antoine.goron@etu.imt-lille-douai.fr'),
(19, '2021-03-09 19:35:38', 'Diner', 'antoine.goron@etu.imt-lille-douai.fr'),
(20, '2021-03-10 11:36:07', 'Déjeuner', 'antoine.goron@etu.imt-lille-douai.fr');

-- --------------------------------------------------------

--
-- Structure de la table `utilisateurs`
--

DROP TABLE IF EXISTS `utilisateurs`;
CREATE TABLE IF NOT EXISTS `utilisateurs` (
  `Login` varchar(50) NOT NULL,
  `Age` int(11) NOT NULL,
  `Sexe` varchar(50) NOT NULL,
  `Niveau_sportif` int(11) DEFAULT NULL,
  `Besoin_energetique` int(11) DEFAULT NULL,
  `Nom` varchar(50) NOT NULL,
  `Prenom` varchar(50) NOT NULL,
  PRIMARY KEY (`Login`)
) ENGINE=InnoDB DEFAULT CHARSET=utf8;

--
-- Déchargement des données de la table `utilisateurs`
--

INSERT INTO `utilisateurs` (`Login`, `Age`, `Sexe`, `Niveau_sportif`, `Besoin_energetique`, `Nom`, `Prenom`) VALUES
('anna.pasquier@etu.imt-lille-douai.fr', 21, 'femme', NULL, NULL, 'PASQUIER', 'Anna'),
('antoine.goron@etu.imt-lille-douai.fr', 34, 'homme', 0, NULL, 'GORON', 'Antoine'),
('arnaud.rushenas@etu.imt-lille-douai.fr', 21, 'homme', NULL, NULL, 'RUSHENAS', 'Arnaud'),
('bilal.el.mahdaoui@etu.imt-lille-douai.fr', 21, 'homme', NULL, NULL, 'EL MAHDAOUI', 'Bilal'),
('clement.mercier@etu.imt-lille-douai.fr', 21, 'homme', NULL, NULL, 'MERCIER', 'Clément'),
('eloi.guisnet@etu.imt-lille-douai.fr', 21, 'homme', NULL, NULL, 'GUISNET', 'Eloi'),
('fan.fei@etu.imt-lille-douai.fr', 21, 'homme', NULL, NULL, 'FEI', 'Fan'),
('fatima.maslouhi@etu.imt-lille-douai.fr', 21, 'femme', NULL, NULL, 'MASLOUHI', 'Fatima'),
('hao.ji@etu.imt-lille-douai.fr', 21, 'homme', NULL, NULL, 'JI', 'Hao'),
('hugo.resseguier@etu.imt-lille-douai.fr', 22, 'homme', NULL, NULL, 'RESSEGUIER', 'Hugo'),
('issam.kassel@etu.imt-lille-douai.fr', 21, 'homme', NULL, NULL, 'KASSEL', 'Mohammed Issam'),
('jiaqi.gao@etu.imt-lille-douai.fr', 21, 'homme', NULL, NULL, 'GAO', 'Jiaqi'),
('lucas.faby@etu.imt-lille-douai.fr', 21, 'homme', NULL, NULL, 'FABY', 'Lucas'),
('maya.didon@etu.imt-lille-douai.fr', 21, 'femme', NULL, NULL, 'DIDON', 'Maya'),
('mehdi.lamatig@etu.imt-lille-douai.fr', 21, 'homme', NULL, NULL, 'LAMATIG', 'Mehdi'),
('mehdi.moulay.berkchi@etu.imt-lille-douai.fr', 21, 'homme', NULL, NULL, 'MOULAY BERKCHI', 'Mehdi'),
('nassim.bouaziz@etu.imt-lille-douai.fr', 21, 'homme', NULL, NULL, 'BOUAZIZ', 'Nassim'),
('pauline.pichon@etu.imt-lille-douai.fr', 21, 'femme', NULL, NULL, 'PICHON', 'Pauline'),
('pierre.marque@etu.imt-lille-douai.fr', 21, 'homme', NULL, NULL, 'MARQUE', 'Pierre'),
('radia.el.hamdouni@etu.imt-lille-douai.fr', 21, 'homme', NULL, NULL, 'EL HAMDOUNI', 'Radia'),
('salah.nourelayne@etu.imt-lille-douai.fr', 21, 'homme', NULL, NULL, 'NOURELAYNE', 'Salah Eddine'),
('sam.khosrowshahi@etu.imt-lille-douai.fr', 21, 'homme', NULL, NULL, 'KHOSROWSHAHI', 'Sam'),
('thomas.coydon@etu.imt-lille-douai.fr', 21, 'homme', NULL, NULL, 'COYDON', 'Thomas'),
('thomas.vinchon@etu.imt-lille-douai.fr', 21, 'homme', NULL, NULL, 'VINCHON', 'Thomas'),
('xiao.wang@etu.imt-lille-douai.fr', 21, 'homme', NULL, NULL, 'WANG', 'Xiao'),
('xuechu.wang@etu.imt-lille-douai.fr', 21, 'homme', NULL, NULL, 'WANG', 'Xuechu'),
('yoann.bordin@etu.imt-lille-douai.fr', 21, 'homme', NULL, NULL, 'BORDIN', 'Yoann'),
('zhiwei.pei@etu.imt-lille-douai.fr', 21, 'homme', NULL, NULL, 'PEI', 'Zhiwei'),
('zouheir.touil@etu.imt-lille-douai.fr', 21, 'homme', NULL, NULL, 'TOUIL', 'Zouheir');

--
-- Contraintes pour les tables déchargées
--

--
-- Contraintes pour la table `a_pour_apport`
--
ALTER TABLE `a_pour_apport`
  ADD CONSTRAINT `A_pour_apport_ALIMENTS1_FK` FOREIGN KEY (`ID_aliments`) REFERENCES `aliments` (`ID_aliments`),
  ADD CONSTRAINT `A_pour_apport_APPORT0_FK` FOREIGN KEY (`ID_apport`) REFERENCES `apport` (`ID_apport`);

--
-- Contraintes pour la table `comporte`
--
ALTER TABLE `comporte`
  ADD CONSTRAINT `Comporte_ALIMENTS0_FK` FOREIGN KEY (`ID_aliments`) REFERENCES `aliments` (`ID_aliments`),
  ADD CONSTRAINT `Comporte_REPAS1_FK` FOREIGN KEY (`ID_repas`) REFERENCES `repas` (`ID_repas`);

--
-- Contraintes pour la table `est_compose_de`
--
ALTER TABLE `est_compose_de`
  ADD CONSTRAINT `est_compose_de_ibfk_1` FOREIGN KEY (`ID_plat`) REFERENCES `aliments` (`ID_aliments`) ON UPDATE CASCADE,
  ADD CONSTRAINT `est_compose_de_ibfk_2` FOREIGN KEY (`ID_aliment`) REFERENCES `aliments` (`ID_aliments`) ON UPDATE CASCADE;

--
-- Contraintes pour la table `repas`
--
ALTER TABLE `repas`
  ADD CONSTRAINT `REPAS_UTILISATEURS0_FK` FOREIGN KEY (`Login`) REFERENCES `utilisateurs` (`Login`) ON UPDATE CASCADE;
COMMIT;

/*!40101 SET CHARACTER_SET_CLIENT=@OLD_CHARACTER_SET_CLIENT */;
/*!40101 SET CHARACTER_SET_RESULTS=@OLD_CHARACTER_SET_RESULTS */;
/*!40101 SET COLLATION_CONNECTION=@OLD_COLLATION_CONNECTION */;
